group_id,source_system,source_record_id,scenario
duplicate-0000,CRM,crm-0000,changed_phone
duplicate-0000,Billing,billing-0000,changed_phone
duplicate-0001,CRM,crm-0001,duplicate
duplicate-0001,Billing,billing-0001,duplicate
duplicate-0002,CRM,crm-0002,duplicate
duplicate-0002,Billing,billing-0002,duplicate
duplicate-0003,CRM,crm-0003,duplicate
duplicate-0003,Billing,billing-0003,duplicate
duplicate-0004,CRM,crm-0004,duplicate
duplicate-0004,Billing,billing-0004,duplicate
duplicate-0005,CRM,crm-0005,duplicate
duplicate-0005,Billing,billing-0005,duplicate
duplicate-0006,CRM,crm-0006,duplicate
duplicate-0006,Billing,billing-0006,duplicate
duplicate-0007,CRM,crm-0007,duplicate
duplicate-0007,Billing,billing-0007,duplicate
duplicate-0008,CRM,crm-0008,duplicate
duplicate-0008,Billing,billing-0008,duplicate
duplicate-0009,CRM,crm-0009,duplicate
duplicate-0009,Billing,billing-0009,duplicate
duplicate-0010,CRM,crm-0010,duplicate
duplicate-0010,Billing,billing-0010,duplicate
duplicate-0011,CRM,crm-0011,duplicate
duplicate-0011,Billing,billing-0011,duplicate
duplicate-0012,CRM,crm-0012,duplicate
duplicate-0012,Billing,billing-0012,duplicate
duplicate-0013,CRM,crm-0013,duplicate
duplicate-0013,Billing,billing-0013,duplicate
duplicate-0014,CRM,crm-0014,duplicate
duplicate-0014,Billing,billing-0014,duplicate
duplicate-0015,CRM,crm-0015,duplicate
duplicate-0015,Billing,billing-0015,duplicate
duplicate-0016,CRM,crm-0016,duplicate
duplicate-0016,Billing,billing-0016,duplicate
duplicate-0017,CRM,crm-0017,duplicate
duplicate-0017,Billing,billing-0017,duplicate
duplicate-0018,CRM,crm-0018,duplicate
duplicate-0018,Billing,billing-0018,duplicate
duplicate-0019,CRM,crm-0019,duplicate
duplicate-0019,Billing,billing-0019,duplicate
duplicate-0020,CRM,crm-0020,duplicate
duplicate-0020,Billing,billing-0020,duplicate
duplicate-0021,CRM,crm-0021,duplicate
duplicate-0021,Billing,billing-0021,duplicate
duplicate-0022,CRM,crm-0022,duplicate
duplicate-0022,Billing,billing-0022,duplicate
duplicate-0023,CRM,crm-0023,duplicate
duplicate-0023,Billing,billing-0023,duplicate
duplicate-0024,CRM,crm-0024,duplicate
duplicate-0024,Billing,billing-0024,duplicate
duplicate-0025,CRM,crm-0025,duplicate
duplicate-0025,Billing,billing-0025,duplicate
duplicate-0026,CRM,crm-0026,duplicate
duplicate-0026,Billing,billing-0026,duplicate
duplicate-0027,CRM,crm-0027,duplicate
duplicate-0027,Billing,billing-0027,duplicate
duplicate-0028,CRM,crm-0028,duplicate
duplicate-0028,Billing,billing-0028,duplicate
duplicate-0029,CRM,crm-0029,duplicate
duplicate-0029,Billing,billing-0029,duplicate
duplicate-0030,CRM,crm-0030,duplicate
duplicate-0030,Billing,billing-0030,duplicate
duplicate-0031,CRM,crm-0031,duplicate
duplicate-0031,Billing,billing-0031,duplicate
duplicate-0032,CRM,crm-0032,duplicate
duplicate-0032,Billing,billing-0032,duplicate
duplicate-0033,CRM,crm-0033,duplicate
duplicate-0033,Billing,billing-0033,duplicate
duplicate-0034,CRM,crm-0034,duplicate
duplicate-0034,Billing,billing-0034,duplicate
duplicate-0035,CRM,crm-0035,duplicate
duplicate-0035,Billing,billing-0035,duplicate
duplicate-0036,CRM,crm-0036,duplicate
duplicate-0036,Billing,billing-0036,duplicate
duplicate-0037,CRM,crm-0037,changed_phone
duplicate-0037,Billing,billing-0037,changed_phone
duplicate-0038,CRM,crm-0038,duplicate
duplicate-0038,Billing,billing-0038,duplicate
duplicate-0039,CRM,crm-0039,duplicate
duplicate-0039,Billing,billing-0039,duplicate
duplicate-0040,CRM,crm-0040,duplicate
duplicate-0040,Billing,billing-0040,duplicate
duplicate-0041,CRM,crm-0041,duplicate
duplicate-0041,Billing,billing-0041,duplicate
duplicate-0042,CRM,crm-0042,duplicate
duplicate-0042,Billing,billing-0042,duplicate
duplicate-0043,CRM,crm-0043,duplicate
duplicate-0043,Billing,billing-0043,duplicate
duplicate-0044,CRM,crm-0044,duplicate
duplicate-0044,Billing,billing-0044,duplicate
duplicate-0045,CRM,crm-0045,duplicate
duplicate-0045,Billing,billing-0045,duplicate
duplicate-0046,CRM,crm-0046,duplicate
duplicate-0046,Billing,billing-0046,duplicate
duplicate-0047,CRM,crm-0047,duplicate
duplicate-0047,Billing,billing-0047,duplicate
duplicate-0048,CRM,crm-0048,duplicate
duplicate-0048,Billing,billing-0048,duplicate
duplicate-0049,CRM,crm-0049,duplicate
duplicate-0049,Billing,billing-0049,duplicate
duplicate-0050,CRM,crm-0050,duplicate
duplicate-0050,Billing,billing-0050,duplicate
duplicate-0051,CRM,crm-0051,duplicate
duplicate-0051,Billing,billing-0051,duplicate
duplicate-0052,CRM,crm-0052,duplicate
duplicate-0052,Billing,billing-0052,duplicate
duplicate-0053,CRM,crm-0053,duplicate
duplicate-0053,Billing,billing-0053,duplicate
duplicate-0054,CRM,crm-0054,duplicate
duplicate-0054,Billing,billing-0054,duplicate
duplicate-0055,CRM,crm-0055,duplicate
duplicate-0055,Billing,billing-0055,duplicate
duplicate-0056,CRM,crm-0056,duplicate
duplicate-0056,Billing,billing-0056,duplicate
duplicate-0057,CRM,crm-0057,duplicate
duplicate-0057,Billing,billing-0057,duplicate
duplicate-0058,CRM,crm-0058,duplicate
duplicate-0058,Billing,billing-0058,duplicate
duplicate-0059,CRM,crm-0059,duplicate
duplicate-0059,Billing,billing-0059,duplicate
duplicate-0060,CRM,crm-0060,duplicate
duplicate-0060,Billing,billing-0060,duplicate
duplicate-0061,CRM,crm-0061,duplicate
duplicate-0061,Billing,billing-0061,duplicate
duplicate-0062,CRM,crm-0062,duplicate
duplicate-0062,Billing,billing-0062,duplicate
duplicate-0063,CRM,crm-0063,duplicate
duplicate-0063,Billing,billing-0063,duplicate
duplicate-0064,CRM,crm-0064,duplicate
duplicate-0064,Billing,billing-0064,duplicate
duplicate-0065,CRM,crm-0065,duplicate
duplicate-0065,Billing,billing-0065,duplicate
duplicate-0066,CRM,crm-0066,duplicate
duplicate-0066,Billing,billing-0066,duplicate
duplicate-0067,CRM,crm-0067,duplicate
duplicate-0067,Billing,billing-0067,duplicate
duplicate-0068,CRM,crm-0068,duplicate
duplicate-0068,Billing,billing-0068,duplicate
duplicate-0069,CRM,crm-0069,duplicate
duplicate-0069,Billing,billing-0069,duplicate
duplicate-0070,CRM,crm-0070,duplicate
duplicate-0070,Billing,billing-0070,duplicate
duplicate-0071,CRM,crm-0071,duplicate
duplicate-0071,Billing,billing-0071,duplicate
duplicate-0072,CRM,crm-0072,duplicate
duplicate-0072,Billing,billing-0072,duplicate
duplicate-0073,CRM,crm-0073,duplicate
duplicate-0073,Billing,billing-0073,duplicate
duplicate-0074,CRM,crm-0074,changed_phone
duplicate-0074,Billing,billing-0074,changed_phone
duplicate-0075,CRM,crm-0075,duplicate
duplicate-0075,Billing,billing-0075,duplicate
duplicate-0076,CRM,crm-0076,duplicate
duplicate-0076,Billing,billing-0076,duplicate
duplicate-0077,CRM,crm-0077,duplicate
duplicate-0077,Billing,billing-0077,duplicate
duplicate-0078,CRM,crm-0078,duplicate
duplicate-0078,Billing,billing-0078,duplicate
duplicate-0079,CRM,crm-0079,duplicate
duplicate-0079,Billing,billing-0079,duplicate
duplicate-0080,CRM,crm-0080,duplicate
duplicate-0080,Billing,billing-0080,duplicate
duplicate-0081,CRM,crm-0081,duplicate
duplicate-0081,Billing,billing-0081,duplicate
duplicate-0082,CRM,crm-0082,duplicate
duplicate-0082,Billing,billing-0082,duplicate
duplicate-0083,CRM,crm-0083,duplicate
duplicate-0083,Billing,billing-0083,duplicate
duplicate-0084,CRM,crm-0084,duplicate
duplicate-0084,Billing,billing-0084,duplicate
duplicate-0085,CRM,crm-0085,duplicate
duplicate-0085,Billing,billing-0085,duplicate
duplicate-0086,CRM,crm-0086,duplicate
duplicate-0086,Billing,billing-0086,duplicate
duplicate-0087,CRM,crm-0087,duplicate
duplicate-0087,Billing,billing-0087,duplicate
duplicate-0088,CRM,crm-0088,duplicate
duplicate-0088,Billing,billing-0088,duplicate
duplicate-0089,CRM,crm-0089,duplicate
duplicate-0089,Billing,billing-0089,duplicate
duplicate-0090,CRM,crm-0090,duplicate
duplicate-0090,Billing,billing-0090,duplicate
duplicate-0091,CRM,crm-0091,duplicate
duplicate-0091,Billing,billing-0091,duplicate
duplicate-0092,CRM,crm-0092,duplicate
duplicate-0092,Billing,billing-0092,duplicate
duplicate-0093,CRM,crm-0093,duplicate
duplicate-0093,Billing,billing-0093,duplicate
duplicate-0094,CRM,crm-0094,duplicate
duplicate-0094,Billing,billing-0094,duplicate
duplicate-0095,CRM,crm-0095,duplicate
duplicate-0095,Billing,billing-0095,duplicate
duplicate-0096,CRM,crm-0096,duplicate
duplicate-0096,Billing,billing-0096,duplicate
duplicate-0097,CRM,crm-0097,duplicate
duplicate-0097,Billing,billing-0097,duplicate
duplicate-0098,CRM,crm-0098,duplicate
duplicate-0098,Billing,billing-0098,duplicate
duplicate-0099,CRM,crm-0099,duplicate
duplicate-0099,Billing,billing-0099,duplicate
duplicate-0100,CRM,crm-0100,duplicate
duplicate-0100,Billing,billing-0100,duplicate
duplicate-0101,CRM,crm-0101,duplicate
duplicate-0101,Billing,billing-0101,duplicate
duplicate-0102,CRM,crm-0102,duplicate
duplicate-0102,Billing,billing-0102,duplicate
duplicate-0103,CRM,crm-0103,duplicate
duplicate-0103,Billing,billing-0103,duplicate
duplicate-0104,CRM,crm-0104,duplicate
duplicate-0104,Billing,billing-0104,duplicate
duplicate-0105,CRM,crm-0105,duplicate
duplicate-0105,Billing,billing-0105,duplicate
duplicate-0106,CRM,crm-0106,duplicate
duplicate-0106,Billing,billing-0106,duplicate
duplicate-0107,CRM,crm-0107,duplicate
duplicate-0107,Billing,billing-0107,duplicate
duplicate-0108,CRM,crm-0108,duplicate
duplicate-0108,Billing,billing-0108,duplicate
duplicate-0109,CRM,crm-0109,duplicate
duplicate-0109,Billing,billing-0109,duplicate
duplicate-0110,CRM,crm-0110,duplicate
duplicate-0110,Billing,billing-0110,duplicate
duplicate-0111,CRM,crm-0111,changed_phone
duplicate-0111,Billing,billing-0111,changed_phone
duplicate-0112,CRM,crm-0112,duplicate
duplicate-0112,Billing,billing-0112,duplicate
duplicate-0113,CRM,crm-0113,duplicate
duplicate-0113,Billing,billing-0113,duplicate
duplicate-0114,CRM,crm-0114,duplicate
duplicate-0114,Billing,billing-0114,duplicate
duplicate-0115,CRM,crm-0115,duplicate
duplicate-0115,Billing,billing-0115,duplicate
duplicate-0116,CRM,crm-0116,duplicate
duplicate-0116,Billing,billing-0116,duplicate
duplicate-0117,CRM,crm-0117,duplicate
duplicate-0117,Billing,billing-0117,duplicate
duplicate-0118,CRM,crm-0118,duplicate
duplicate-0118,Billing,billing-0118,duplicate
duplicate-0119,CRM,crm-0119,duplicate
duplicate-0119,Billing,billing-0119,duplicate
duplicate-0120,CRM,crm-0120,duplicate
duplicate-0120,Billing,billing-0120,duplicate
duplicate-0121,CRM,crm-0121,duplicate
duplicate-0121,Billing,billing-0121,duplicate
duplicate-0122,CRM,crm-0122,duplicate
duplicate-0122,Billing,billing-0122,duplicate
duplicate-0123,CRM,crm-0123,duplicate
duplicate-0123,Billing,billing-0123,duplicate
duplicate-0124,CRM,crm-0124,duplicate
duplicate-0124,Billing,billing-0124,duplicate
duplicate-0125,CRM,crm-0125,duplicate
duplicate-0125,Billing,billing-0125,duplicate
duplicate-0126,CRM,crm-0126,duplicate
duplicate-0126,Billing,billing-0126,duplicate
duplicate-0127,CRM,crm-0127,duplicate
duplicate-0127,Billing,billing-0127,duplicate
duplicate-0128,CRM,crm-0128,duplicate
duplicate-0128,Billing,billing-0128,duplicate
duplicate-0129,CRM,crm-0129,duplicate
duplicate-0129,Billing,billing-0129,duplicate
duplicate-0130,CRM,crm-0130,duplicate
duplicate-0130,Billing,billing-0130,duplicate
duplicate-0131,CRM,crm-0131,duplicate
duplicate-0131,Billing,billing-0131,duplicate
duplicate-0132,CRM,crm-0132,duplicate
duplicate-0132,Billing,billing-0132,duplicate
duplicate-0133,CRM,crm-0133,duplicate
duplicate-0133,Billing,billing-0133,duplicate
duplicate-0134,CRM,crm-0134,duplicate
duplicate-0134,Billing,billing-0134,duplicate
duplicate-0135,CRM,crm-0135,duplicate
duplicate-0135,Billing,billing-0135,duplicate
duplicate-0136,CRM,crm-0136,duplicate
duplicate-0136,Billing,billing-0136,duplicate
duplicate-0137,CRM,crm-0137,duplicate
duplicate-0137,Billing,billing-0137,duplicate
duplicate-0138,CRM,crm-0138,duplicate
duplicate-0138,Billing,billing-0138,duplicate
duplicate-0139,CRM,crm-0139,duplicate
duplicate-0139,Billing,billing-0139,duplicate
duplicate-0140,CRM,crm-0140,duplicate
duplicate-0140,Billing,billing-0140,duplicate
duplicate-0141,CRM,crm-0141,duplicate
duplicate-0141,Billing,billing-0141,duplicate
duplicate-0142,CRM,crm-0142,duplicate
duplicate-0142,Billing,billing-0142,duplicate
duplicate-0143,CRM,crm-0143,duplicate
duplicate-0143,Billing,billing-0143,duplicate
duplicate-0144,CRM,crm-0144,duplicate
duplicate-0144,Billing,billing-0144,duplicate
duplicate-0145,CRM,crm-0145,duplicate
duplicate-0145,Billing,billing-0145,duplicate
duplicate-0146,CRM,crm-0146,duplicate
duplicate-0146,Billing,billing-0146,duplicate
duplicate-0147,CRM,crm-0147,duplicate
duplicate-0147,Billing,billing-0147,duplicate
duplicate-0148,CRM,crm-0148,changed_phone
duplicate-0148,Billing,billing-0148,changed_phone
duplicate-0149,CRM,crm-0149,duplicate
duplicate-0149,Billing,billing-0149,duplicate
duplicate-0150,CRM,crm-0150,duplicate
duplicate-0150,Billing,billing-0150,duplicate
duplicate-0151,CRM,crm-0151,duplicate
duplicate-0151,Billing,billing-0151,duplicate
duplicate-0152,CRM,crm-0152,duplicate
duplicate-0152,Billing,billing-0152,duplicate
duplicate-0153,CRM,crm-0153,duplicate
duplicate-0153,Billing,billing-0153,duplicate
duplicate-0154,CRM,crm-0154,duplicate
duplicate-0154,Billing,billing-0154,duplicate
duplicate-0155,CRM,crm-0155,duplicate
duplicate-0155,Billing,billing-0155,duplicate
duplicate-0156,CRM,crm-0156,duplicate
duplicate-0156,Billing,billing-0156,duplicate
duplicate-0157,CRM,crm-0157,duplicate
duplicate-0157,Billing,billing-0157,duplicate
duplicate-0158,CRM,crm-0158,duplicate
duplicate-0158,Billing,billing-0158,duplicate
duplicate-0159,CRM,crm-0159,duplicate
duplicate-0159,Billing,billing-0159,duplicate
duplicate-0160,CRM,crm-0160,duplicate
duplicate-0160,Billing,billing-0160,duplicate
duplicate-0161,CRM,crm-0161,duplicate
duplicate-0161,Billing,billing-0161,duplicate
duplicate-0162,CRM,crm-0162,duplicate
duplicate-0162,Billing,billing-0162,duplicate
duplicate-0163,CRM,crm-0163,duplicate
duplicate-0163,Billing,billing-0163,duplicate
duplicate-0164,CRM,crm-0164,duplicate
duplicate-0164,Billing,billing-0164,duplicate
duplicate-0165,CRM,crm-0165,duplicate
duplicate-0165,Billing,billing-0165,duplicate
duplicate-0166,CRM,crm-0166,duplicate
duplicate-0166,Billing,billing-0166,duplicate
duplicate-0167,CRM,crm-0167,duplicate
duplicate-0167,Billing,billing-0167,duplicate
duplicate-0168,CRM,crm-0168,duplicate
duplicate-0168,Billing,billing-0168,duplicate
duplicate-0169,CRM,crm-0169,duplicate
duplicate-0169,Billing,billing-0169,duplicate
duplicate-0170,CRM,crm-0170,duplicate
duplicate-0170,Billing,billing-0170,duplicate
duplicate-0171,CRM,crm-0171,duplicate
duplicate-0171,Billing,billing-0171,duplicate
duplicate-0172,CRM,crm-0172,duplicate
duplicate-0172,Billing,billing-0172,duplicate
duplicate-0173,CRM,crm-0173,duplicate
duplicate-0173,Billing,billing-0173,duplicate
duplicate-0174,CRM,crm-0174,duplicate
duplicate-0174,Billing,billing-0174,duplicate
duplicate-0175,CRM,crm-0175,duplicate
duplicate-0175,Billing,billing-0175,duplicate
duplicate-0176,CRM,crm-0176,duplicate
duplicate-0176,Billing,billing-0176,duplicate
duplicate-0177,CRM,crm-0177,duplicate
duplicate-0177,Billing,billing-0177,duplicate
duplicate-0178,CRM,crm-0178,duplicate
duplicate-0178,Billing,billing-0178,duplicate
duplicate-0179,CRM,crm-0179,duplicate
duplicate-0179,Billing,billing-0179,duplicate
duplicate-0180,CRM,crm-0180,duplicate
duplicate-0180,Billing,billing-0180,duplicate
duplicate-0181,CRM,crm-0181,duplicate
duplicate-0181,Billing,billing-0181,duplicate
duplicate-0182,CRM,crm-0182,duplicate
duplicate-0182,Billing,billing-0182,duplicate
duplicate-0183,CRM,crm-0183,duplicate
duplicate-0183,Billing,billing-0183,duplicate
duplicate-0184,CRM,crm-0184,duplicate
duplicate-0184,Billing,billing-0184,duplicate
duplicate-0185,CRM,crm-0185,changed_phone
duplicate-0185,Billing,billing-0185,changed_phone
duplicate-0186,CRM,crm-0186,duplicate
duplicate-0186,Billing,billing-0186,duplicate
duplicate-0187,CRM,crm-0187,duplicate
duplicate-0187,Billing,billing-0187,duplicate
duplicate-0188,CRM,crm-0188,duplicate
duplicate-0188,Billing,billing-0188,duplicate
duplicate-0189,CRM,crm-0189,duplicate
duplicate-0189,Billing,billing-0189,duplicate
duplicate-0190,CRM,crm-0190,duplicate
duplicate-0190,Billing,billing-0190,duplicate
duplicate-0191,CRM,crm-0191,duplicate
duplicate-0191,Billing,billing-0191,duplicate
duplicate-0192,CRM,crm-0192,duplicate
duplicate-0192,Billing,billing-0192,duplicate
duplicate-0193,CRM,crm-0193,duplicate
duplicate-0193,Billing,billing-0193,duplicate
duplicate-0194,CRM,crm-0194,duplicate
duplicate-0194,Billing,billing-0194,duplicate
duplicate-0195,CRM,crm-0195,duplicate
duplicate-0195,Billing,billing-0195,duplicate
duplicate-0196,CRM,crm-0196,duplicate
duplicate-0196,Billing,billing-0196,duplicate
duplicate-0197,CRM,crm-0197,duplicate
duplicate-0197,Billing,billing-0197,duplicate
duplicate-0198,CRM,crm-0198,duplicate
duplicate-0198,Billing,billing-0198,duplicate
duplicate-0199,CRM,crm-0199,duplicate
duplicate-0199,Billing,billing-0199,duplicate
duplicate-0200,CRM,crm-0200,duplicate
duplicate-0200,Billing,billing-0200,duplicate
duplicate-0201,CRM,crm-0201,duplicate
duplicate-0201,Billing,billing-0201,duplicate
duplicate-0202,CRM,crm-0202,duplicate
duplicate-0202,Billing,billing-0202,duplicate
duplicate-0203,CRM,crm-0203,duplicate
duplicate-0203,Billing,billing-0203,duplicate
duplicate-0204,CRM,crm-0204,duplicate
duplicate-0204,Billing,billing-0204,duplicate
duplicate-0205,CRM,crm-0205,duplicate
duplicate-0205,Billing,billing-0205,duplicate
duplicate-0206,CRM,crm-0206,duplicate
duplicate-0206,Billing,billing-0206,duplicate
duplicate-0207,CRM,crm-0207,duplicate
duplicate-0207,Billing,billing-0207,duplicate
duplicate-0208,CRM,crm-0208,duplicate
duplicate-0208,Billing,billing-0208,duplicate
duplicate-0209,CRM,crm-0209,duplicate
duplicate-0209,Billing,billing-0209,duplicate
duplicate-0210,CRM,crm-0210,duplicate
duplicate-0210,Billing,billing-0210,duplicate
duplicate-0211,CRM,crm-0211,duplicate
duplicate-0211,Billing,billing-0211,duplicate
duplicate-0212,CRM,crm-0212,duplicate
duplicate-0212,Billing,billing-0212,duplicate
duplicate-0213,CRM,crm-0213,duplicate
duplicate-0213,Billing,billing-0213,duplicate
duplicate-0214,CRM,crm-0214,duplicate
duplicate-0214,Billing,billing-0214,duplicate
duplicate-0215,CRM,crm-0215,duplicate
duplicate-0215,Billing,billing-0215,duplicate
duplicate-0216,CRM,crm-0216,duplicate
duplicate-0216,Billing,billing-0216,duplicate
duplicate-0217,CRM,crm-0217,duplicate
duplicate-0217,Billing,billing-0217,duplicate
duplicate-0218,CRM,crm-0218,duplicate
duplicate-0218,Billing,billing-0218,duplicate
duplicate-0219,CRM,crm-0219,duplicate
duplicate-0219,Billing,billing-0219,duplicate
duplicate-0220,CRM,crm-0220,duplicate
duplicate-0220,Billing,billing-0220,duplicate
duplicate-0221,CRM,crm-0221,duplicate
duplicate-0221,Billing,billing-0221,duplicate
duplicate-0222,CRM,crm-0222,changed_phone
duplicate-0222,Billing,billing-0222,changed_phone
duplicate-0223,CRM,crm-0223,duplicate
duplicate-0223,Billing,billing-0223,duplicate
duplicate-0224,CRM,crm-0224,duplicate
duplicate-0224,Billing,billing-0224,duplicate
duplicate-0225,CRM,crm-0225,duplicate
duplicate-0225,Billing,billing-0225,duplicate
duplicate-0226,CRM,crm-0226,duplicate
duplicate-0226,Billing,billing-0226,duplicate
duplicate-0227,CRM,crm-0227,duplicate
duplicate-0227,Billing,billing-0227,duplicate
duplicate-0228,CRM,crm-0228,duplicate
duplicate-0228,Billing,billing-0228,duplicate
duplicate-0229,CRM,crm-0229,duplicate
duplicate-0229,Billing,billing-0229,duplicate
duplicate-0230,CRM,crm-0230,duplicate
duplicate-0230,Billing,billing-0230,duplicate
duplicate-0231,CRM,crm-0231,duplicate
duplicate-0231,Billing,billing-0231,duplicate
duplicate-0232,CRM,crm-0232,duplicate
duplicate-0232,Billing,billing-0232,duplicate
duplicate-0233,CRM,crm-0233,duplicate
duplicate-0233,Billing,billing-0233,duplicate
duplicate-0234,CRM,crm-0234,duplicate
duplicate-0234,Billing,billing-0234,duplicate
duplicate-0235,CRM,crm-0235,duplicate
duplicate-0235,Billing,billing-0235,duplicate
duplicate-0236,CRM,crm-0236,duplicate
duplicate-0236,Billing,billing-0236,duplicate
duplicate-0237,CRM,crm-0237,duplicate
duplicate-0237,Billing,billing-0237,duplicate
duplicate-0238,CRM,crm-0238,duplicate
duplicate-0238,Billing,billing-0238,duplicate
duplicate-0239,CRM,crm-0239,duplicate
duplicate-0239,Billing,billing-0239,duplicate
duplicate-0240,CRM,crm-0240,duplicate
duplicate-0240,Billing,billing-0240,duplicate
duplicate-0241,CRM,crm-0241,duplicate
duplicate-0241,Billing,billing-0241,duplicate
duplicate-0242,CRM,crm-0242,duplicate
duplicate-0242,Billing,billing-0242,duplicate
duplicate-0243,CRM,crm-0243,duplicate
duplicate-0243,Billing,billing-0243,duplicate
duplicate-0244,CRM,crm-0244,duplicate
duplicate-0244,Billing,billing-0244,duplicate
duplicate-0245,CRM,crm-0245,duplicate
duplicate-0245,Billing,billing-0245,duplicate
duplicate-0246,CRM,crm-0246,duplicate
duplicate-0246,Billing,billing-0246,duplicate
duplicate-0247,CRM,crm-0247,duplicate
duplicate-0247,Billing,billing-0247,duplicate
duplicate-0248,CRM,crm-0248,duplicate
duplicate-0248,Billing,billing-0248,duplicate
duplicate-0249,CRM,crm-0249,duplicate
duplicate-0249,Billing,billing-0249,duplicate
duplicate-0250,CRM,crm-0250,duplicate
duplicate-0250,Billing,billing-0250,duplicate
duplicate-0251,CRM,crm-0251,duplicate
duplicate-0251,Billing,billing-0251,duplicate
duplicate-0252,CRM,crm-0252,duplicate
duplicate-0252,Billing,billing-0252,duplicate
duplicate-0253,CRM,crm-0253,duplicate
duplicate-0253,Billing,billing-0253,duplicate
duplicate-0254,CRM,crm-0254,duplicate
duplicate-0254,Billing,billing-0254,duplicate
duplicate-0255,CRM,crm-0255,duplicate
duplicate-0255,Billing,billing-0255,duplicate
duplicate-0256,CRM,crm-0256,duplicate
duplicate-0256,Billing,billing-0256,duplicate
duplicate-0257,CRM,crm-0257,duplicate
duplicate-0257,Billing,billing-0257,duplicate
duplicate-0258,CRM,crm-0258,duplicate
duplicate-0258,Billing,billing-0258,duplicate
duplicate-0259,CRM,crm-0259,changed_phone
duplicate-0259,Billing,billing-0259,changed_phone
duplicate-0260,CRM,crm-0260,duplicate
duplicate-0260,Billing,billing-0260,duplicate
duplicate-0261,CRM,crm-0261,duplicate
duplicate-0261,Billing,billing-0261,duplicate
duplicate-0262,CRM,crm-0262,duplicate
duplicate-0262,Billing,billing-0262,duplicate
duplicate-0263,CRM,crm-0263,duplicate
duplicate-0263,Billing,billing-0263,duplicate
duplicate-0264,CRM,crm-0264,duplicate
duplicate-0264,Billing,billing-0264,duplicate
duplicate-0265,CRM,crm-0265,duplicate
duplicate-0265,Billing,billing-0265,duplicate
duplicate-0266,CRM,crm-0266,duplicate
duplicate-0266,Billing,billing-0266,duplicate
duplicate-0267,CRM,crm-0267,duplicate
duplicate-0267,Billing,billing-0267,duplicate
duplicate-0268,CRM,crm-0268,duplicate
duplicate-0268,Billing,billing-0268,duplicate
duplicate-0269,CRM,crm-0269,duplicate
duplicate-0269,Billing,billing-0269,duplicate
duplicate-0270,CRM,crm-0270,duplicate
duplicate-0270,Billing,billing-0270,duplicate
duplicate-0271,CRM,crm-0271,duplicate
duplicate-0271,Billing,billing-0271,duplicate
duplicate-0272,CRM,crm-0272,duplicate
duplicate-0272,Billing,billing-0272,duplicate
duplicate-0273,CRM,crm-0273,duplicate
duplicate-0273,Billing,billing-0273,duplicate
duplicate-0274,CRM,crm-0274,duplicate
duplicate-0274,Billing,billing-0274,duplicate
duplicate-0275,CRM,crm-0275,duplicate
duplicate-0275,Billing,billing-0275,duplicate
duplicate-0276,CRM,crm-0276,duplicate
duplicate-0276,Billing,billing-0276,duplicate
duplicate-0277,CRM,crm-0277,duplicate
duplicate-0277,Billing,billing-0277,duplicate
duplicate-0278,CRM,crm-0278,duplicate
duplicate-0278,Billing,billing-0278,duplicate
duplicate-0279,CRM,crm-0279,duplicate
duplicate-0279,Billing,billing-0279,duplicate
duplicate-0280,CRM,crm-0280,duplicate
duplicate-0280,Billing,billing-0280,duplicate
duplicate-0281,CRM,crm-0281,duplicate
duplicate-0281,Billing,billing-0281,duplicate
duplicate-0282,CRM,crm-0282,duplicate
duplicate-0282,Billing,billing-0282,duplicate
duplicate-0283,CRM,crm-0283,duplicate
duplicate-0283,Billing,billing-0283,duplicate
duplicate-0284,CRM,crm-0284,duplicate
duplicate-0284,Billing,billing-0284,duplicate
duplicate-0285,CRM,crm-0285,duplicate
duplicate-0285,Billing,billing-0285,duplicate
duplicate-0286,CRM,crm-0286,duplicate
duplicate-0286,Billing,billing-0286,duplicate
duplicate-0287,CRM,crm-0287,duplicate
duplicate-0287,Billing,billing-0287,duplicate
duplicate-0288,CRM,crm-0288,duplicate
duplicate-0288,Billing,billing-0288,duplicate
duplicate-0289,CRM,crm-0289,duplicate
duplicate-0289,Billing,billing-0289,duplicate
duplicate-0290,CRM,crm-0290,duplicate
duplicate-0290,Billing,billing-0290,duplicate
duplicate-0291,CRM,crm-0291,duplicate
duplicate-0291,Billing,billing-0291,duplicate
duplicate-0292,CRM,crm-0292,duplicate
duplicate-0292,Billing,billing-0292,duplicate
duplicate-0293,CRM,crm-0293,duplicate
duplicate-0293,Billing,billing-0293,duplicate
duplicate-0294,CRM,crm-0294,duplicate
duplicate-0294,Billing,billing-0294,duplicate
duplicate-0295,CRM,crm-0295,duplicate
duplicate-0295,Billing,billing-0295,duplicate
duplicate-0296,CRM,crm-0296,changed_phone
duplicate-0296,Billing,billing-0296,changed_phone
duplicate-0297,CRM,crm-0297,duplicate
duplicate-0297,Billing,billing-0297,duplicate
duplicate-0298,CRM,crm-0298,duplicate
duplicate-0298,Billing,billing-0298,duplicate
duplicate-0299,CRM,crm-0299,duplicate
duplicate-0299,Billing,billing-0299,duplicate
duplicate-0300,CRM,crm-0300,duplicate
duplicate-0300,Billing,billing-0300,duplicate
duplicate-0301,CRM,crm-0301,duplicate
duplicate-0301,Billing,billing-0301,duplicate
duplicate-0302,CRM,crm-0302,duplicate
duplicate-0302,Billing,billing-0302,duplicate
duplicate-0303,CRM,crm-0303,duplicate
duplicate-0303,Billing,billing-0303,duplicate
duplicate-0304,CRM,crm-0304,duplicate
duplicate-0304,Billing,billing-0304,duplicate
duplicate-0305,CRM,crm-0305,duplicate
duplicate-0305,Billing,billing-0305,duplicate
duplicate-0306,CRM,crm-0306,duplicate
duplicate-0306,Billing,billing-0306,duplicate
duplicate-0307,CRM,crm-0307,duplicate
duplicate-0307,Billing,billing-0307,duplicate
duplicate-0308,CRM,crm-0308,duplicate
duplicate-0308,Billing,billing-0308,duplicate
duplicate-0309,CRM,crm-0309,duplicate
duplicate-0309,Billing,billing-0309,duplicate
duplicate-0310,CRM,crm-0310,duplicate
duplicate-0310,Billing,billing-0310,duplicate
duplicate-0311,CRM,crm-0311,duplicate
duplicate-0311,Billing,billing-0311,duplicate
duplicate-0312,CRM,crm-0312,duplicate
duplicate-0312,Billing,billing-0312,duplicate
duplicate-0313,CRM,crm-0313,duplicate
duplicate-0313,Billing,billing-0313,duplicate
duplicate-0314,CRM,crm-0314,duplicate
duplicate-0314,Billing,billing-0314,duplicate
duplicate-0315,CRM,crm-0315,duplicate
duplicate-0315,Billing,billing-0315,duplicate
duplicate-0316,CRM,crm-0316,duplicate
duplicate-0316,Billing,billing-0316,duplicate
duplicate-0317,CRM,crm-0317,duplicate
duplicate-0317,Billing,billing-0317,duplicate
duplicate-0318,CRM,crm-0318,duplicate
duplicate-0318,Billing,billing-0318,duplicate
duplicate-0319,CRM,crm-0319,duplicate
duplicate-0319,Billing,billing-0319,duplicate
duplicate-0320,CRM,crm-0320,duplicate
duplicate-0320,Billing,billing-0320,duplicate
duplicate-0321,CRM,crm-0321,duplicate
duplicate-0321,Billing,billing-0321,duplicate
duplicate-0322,CRM,crm-0322,duplicate
duplicate-0322,Billing,billing-0322,duplicate
duplicate-0323,CRM,crm-0323,duplicate
duplicate-0323,Billing,billing-0323,duplicate
duplicate-0324,CRM,crm-0324,duplicate
duplicate-0324,Billing,billing-0324,duplicate
duplicate-0325,CRM,crm-0325,duplicate
duplicate-0325,Billing,billing-0325,duplicate
duplicate-0326,CRM,crm-0326,duplicate
duplicate-0326,Billing,billing-0326,duplicate
duplicate-0327,CRM,crm-0327,duplicate
duplicate-0327,Billing,billing-0327,duplicate
duplicate-0328,CRM,crm-0328,duplicate
duplicate-0328,Billing,billing-0328,duplicate
duplicate-0329,CRM,crm-0329,duplicate
duplicate-0329,Billing,billing-0329,duplicate
duplicate-0330,CRM,crm-0330,duplicate
duplicate-0330,Billing,billing-0330,duplicate
duplicate-0331,CRM,crm-0331,duplicate
duplicate-0331,Billing,billing-0331,duplicate
duplicate-0332,CRM,crm-0332,duplicate
duplicate-0332,Billing,billing-0332,duplicate
duplicate-0333,CRM,crm-0333,changed_phone
duplicate-0333,Billing,billing-0333,changed_phone
duplicate-0334,CRM,crm-0334,duplicate
duplicate-0334,Billing,billing-0334,duplicate
duplicate-0335,CRM,crm-0335,duplicate
duplicate-0335,Billing,billing-0335,duplicate
duplicate-0336,CRM,crm-0336,duplicate
duplicate-0336,Billing,billing-0336,duplicate
duplicate-0337,CRM,crm-0337,duplicate
duplicate-0337,Billing,billing-0337,duplicate
duplicate-0338,CRM,crm-0338,duplicate
duplicate-0338,Billing,billing-0338,duplicate
duplicate-0339,CRM,crm-0339,duplicate
duplicate-0339,Billing,billing-0339,duplicate
duplicate-0340,CRM,crm-0340,duplicate
duplicate-0340,Billing,billing-0340,duplicate
duplicate-0341,CRM,crm-0341,duplicate
duplicate-0341,Billing,billing-0341,duplicate
duplicate-0342,CRM,crm-0342,duplicate
duplicate-0342,Billing,billing-0342,duplicate
duplicate-0343,CRM,crm-0343,duplicate
duplicate-0343,Billing,billing-0343,duplicate
duplicate-0344,CRM,crm-0344,duplicate
duplicate-0344,Billing,billing-0344,duplicate
duplicate-0345,CRM,crm-0345,duplicate
duplicate-0345,Billing,billing-0345,duplicate
duplicate-0346,CRM,crm-0346,duplicate
duplicate-0346,Billing,billing-0346,duplicate
duplicate-0347,CRM,crm-0347,duplicate
duplicate-0347,Billing,billing-0347,duplicate
duplicate-0348,CRM,crm-0348,duplicate
duplicate-0348,Billing,billing-0348,duplicate
duplicate-0349,CRM,crm-0349,duplicate
duplicate-0349,Billing,billing-0349,duplicate
duplicate-0350,CRM,crm-0350,duplicate
duplicate-0350,Billing,billing-0350,duplicate
duplicate-0351,CRM,crm-0351,duplicate
duplicate-0351,Billing,billing-0351,duplicate
duplicate-0352,CRM,crm-0352,duplicate
duplicate-0352,Billing,billing-0352,duplicate
duplicate-0353,CRM,crm-0353,duplicate
duplicate-0353,Billing,billing-0353,duplicate
duplicate-0354,CRM,crm-0354,duplicate
duplicate-0354,Billing,billing-0354,duplicate
duplicate-0355,CRM,crm-0355,duplicate
duplicate-0355,Billing,billing-0355,duplicate
duplicate-0356,CRM,crm-0356,duplicate
duplicate-0356,Billing,billing-0356,duplicate
duplicate-0357,CRM,crm-0357,duplicate
duplicate-0357,Billing,billing-0357,duplicate
duplicate-0358,CRM,crm-0358,duplicate
duplicate-0358,Billing,billing-0358,duplicate
duplicate-0359,CRM,crm-0359,duplicate
duplicate-0359,Billing,billing-0359,duplicate
duplicate-0360,CRM,crm-0360,duplicate
duplicate-0360,Billing,billing-0360,duplicate
duplicate-0361,CRM,crm-0361,duplicate
duplicate-0361,Billing,billing-0361,duplicate
duplicate-0362,CRM,crm-0362,duplicate
duplicate-0362,Billing,billing-0362,duplicate
duplicate-0363,CRM,crm-0363,duplicate
duplicate-0363,Billing,billing-0363,duplicate
duplicate-0364,CRM,crm-0364,duplicate
duplicate-0364,Billing,billing-0364,duplicate
duplicate-0365,CRM,crm-0365,duplicate
duplicate-0365,Billing,billing-0365,duplicate
duplicate-0366,CRM,crm-0366,duplicate
duplicate-0366,Billing,billing-0366,duplicate
duplicate-0367,CRM,crm-0367,duplicate
duplicate-0367,Billing,billing-0367,duplicate
duplicate-0368,CRM,crm-0368,duplicate
duplicate-0368,Billing,billing-0368,duplicate
duplicate-0369,CRM,crm-0369,duplicate
duplicate-0369,Billing,billing-0369,duplicate
duplicate-0370,CRM,crm-0370,changed_phone
duplicate-0370,Billing,billing-0370,changed_phone
duplicate-0371,CRM,crm-0371,duplicate
duplicate-0371,Billing,billing-0371,duplicate
duplicate-0372,CRM,crm-0372,duplicate
duplicate-0372,Billing,billing-0372,duplicate
duplicate-0373,CRM,crm-0373,duplicate
duplicate-0373,Billing,billing-0373,duplicate
duplicate-0374,CRM,crm-0374,duplicate
duplicate-0374,Billing,billing-0374,duplicate
duplicate-0375,CRM,crm-0375,duplicate
duplicate-0375,Billing,billing-0375,duplicate
duplicate-0376,CRM,crm-0376,duplicate
duplicate-0376,Billing,billing-0376,duplicate
duplicate-0377,CRM,crm-0377,duplicate
duplicate-0377,Billing,billing-0377,duplicate
duplicate-0378,CRM,crm-0378,duplicate
duplicate-0378,Billing,billing-0378,duplicate
duplicate-0379,CRM,crm-0379,duplicate
duplicate-0379,Billing,billing-0379,duplicate
duplicate-0380,CRM,crm-0380,duplicate
duplicate-0380,Billing,billing-0380,duplicate
duplicate-0381,CRM,crm-0381,duplicate
duplicate-0381,Billing,billing-0381,duplicate
duplicate-0382,CRM,crm-0382,duplicate
duplicate-0382,Billing,billing-0382,duplicate
duplicate-0383,CRM,crm-0383,duplicate
duplicate-0383,Billing,billing-0383,duplicate
duplicate-0384,CRM,crm-0384,duplicate
duplicate-0384,Billing,billing-0384,duplicate
duplicate-0385,CRM,crm-0385,duplicate
duplicate-0385,Billing,billing-0385,duplicate
duplicate-0386,CRM,crm-0386,duplicate
duplicate-0386,Billing,billing-0386,duplicate
duplicate-0387,CRM,crm-0387,duplicate
duplicate-0387,Billing,billing-0387,duplicate
duplicate-0388,CRM,crm-0388,duplicate
duplicate-0388,Billing,billing-0388,duplicate
duplicate-0389,CRM,crm-0389,duplicate
duplicate-0389,Billing,billing-0389,duplicate
duplicate-0390,CRM,crm-0390,duplicate
duplicate-0390,Billing,billing-0390,duplicate
duplicate-0391,CRM,crm-0391,duplicate
duplicate-0391,Billing,billing-0391,duplicate
duplicate-0392,CRM,crm-0392,duplicate
duplicate-0392,Billing,billing-0392,duplicate
duplicate-0393,CRM,crm-0393,duplicate
duplicate-0393,Billing,billing-0393,duplicate
duplicate-0394,CRM,crm-0394,duplicate
duplicate-0394,Billing,billing-0394,duplicate
duplicate-0395,CRM,crm-0395,duplicate
duplicate-0395,Billing,billing-0395,duplicate
duplicate-0396,CRM,crm-0396,duplicate
duplicate-0396,Billing,billing-0396,duplicate
duplicate-0397,CRM,crm-0397,duplicate
duplicate-0397,Billing,billing-0397,duplicate
duplicate-0398,CRM,crm-0398,duplicate
duplicate-0398,Billing,billing-0398,duplicate
duplicate-0399,CRM,crm-0399,duplicate
duplicate-0399,Billing,billing-0399,duplicate
unique-crm-000,CRM,crm-unique-000,household_false_positive_trap
unique-billing-000,Billing,billing-unique-000,household_false_positive_trap
unique-crm-001,CRM,crm-unique-001,household_false_positive_trap
unique-billing-001,Billing,billing-unique-001,household_false_positive_trap
unique-crm-002,CRM,crm-unique-002,household_false_positive_trap
unique-billing-002,Billing,billing-unique-002,household_false_positive_trap
unique-crm-003,CRM,crm-unique-003,household_false_positive_trap
unique-billing-003,Billing,billing-unique-003,household_false_positive_trap
unique-crm-004,CRM,crm-unique-004,household_false_positive_trap
unique-billing-004,Billing,billing-unique-004,household_false_positive_trap
unique-crm-005,CRM,crm-unique-005,household_false_positive_trap
unique-billing-005,Billing,billing-unique-005,household_false_positive_trap
unique-crm-006,CRM,crm-unique-006,household_false_positive_trap
unique-billing-006,Billing,billing-unique-006,household_false_positive_trap
unique-crm-007,CRM,crm-unique-007,household_false_positive_trap
unique-billing-007,Billing,billing-unique-007,household_false_positive_trap
unique-crm-008,CRM,crm-unique-008,household_false_positive_trap
unique-billing-008,Billing,billing-unique-008,household_false_positive_trap
unique-crm-009,CRM,crm-unique-009,household_false_positive_trap
unique-billing-009,Billing,billing-unique-009,household_false_positive_trap
unique-crm-010,CRM,crm-unique-010,household_false_positive_trap
unique-billing-010,Billing,billing-unique-010,household_false_positive_trap
unique-crm-011,CRM,crm-unique-011,household_false_positive_trap
unique-billing-011,Billing,billing-unique-011,household_false_positive_trap
unique-crm-012,CRM,crm-unique-012,household_false_positive_trap
unique-billing-012,Billing,billing-unique-012,household_false_positive_trap
unique-crm-013,CRM,crm-unique-013,household_false_positive_trap
unique-billing-013,Billing,billing-unique-013,household_false_positive_trap
unique-crm-014,CRM,crm-unique-014,household_false_positive_trap
unique-billing-014,Billing,billing-unique-014,household_false_positive_trap
unique-crm-015,CRM,crm-unique-015,household_false_positive_trap
unique-billing-015,Billing,billing-unique-015,household_false_positive_trap
unique-crm-016,CRM,crm-unique-016,household_false_positive_trap
unique-billing-016,Billing,billing-unique-016,household_false_positive_trap
unique-crm-017,CRM,crm-unique-017,household_false_positive_trap
unique-billing-017,Billing,billing-unique-017,household_false_positive_trap
unique-crm-018,CRM,crm-unique-018,household_false_positive_trap
unique-billing-018,Billing,billing-unique-018,household_false_positive_trap
unique-crm-019,CRM,crm-unique-019,household_false_positive_trap
unique-billing-019,Billing,billing-unique-019,household_false_positive_trap
unique-crm-020,CRM,crm-unique-020,household_false_positive_trap
unique-billing-020,Billing,billing-unique-020,household_false_positive_trap
unique-crm-021,CRM,crm-unique-021,household_false_positive_trap
unique-billing-021,Billing,billing-unique-021,household_false_positive_trap
unique-crm-022,CRM,crm-unique-022,household_false_positive_trap
unique-billing-022,Billing,billing-unique-022,household_false_positive_trap
unique-crm-023,CRM,crm-unique-023,household_false_positive_trap
unique-billing-023,Billing,billing-unique-023,household_false_positive_trap
unique-crm-024,CRM,crm-unique-024,household_false_positive_trap
unique-billing-024,Billing,billing-unique-024,household_false_positive_trap
unique-crm-025,CRM,crm-unique-025,household_false_positive_trap
unique-billing-025,Billing,billing-unique-025,household_false_positive_trap
unique-crm-026,CRM,crm-unique-026,household_false_positive_trap
unique-billing-026,Billing,billing-unique-026,household_false_positive_trap
unique-crm-027,CRM,crm-unique-027,household_false_positive_trap
unique-billing-027,Billing,billing-unique-027,household_false_positive_trap
unique-crm-028,CRM,crm-unique-028,household_false_positive_trap
unique-billing-028,Billing,billing-unique-028,household_false_positive_trap
unique-crm-029,CRM,crm-unique-029,household_false_positive_trap
unique-billing-029,Billing,billing-unique-029,household_false_positive_trap
unique-crm-030,CRM,crm-unique-030,household_false_positive_trap
unique-billing-030,Billing,billing-unique-030,household_false_positive_trap
unique-crm-031,CRM,crm-unique-031,household_false_positive_trap
unique-billing-031,Billing,billing-unique-031,household_false_positive_trap
unique-crm-032,CRM,crm-unique-032,household_false_positive_trap
unique-billing-032,Billing,billing-unique-032,household_false_positive_trap
unique-crm-033,CRM,crm-unique-033,household_false_positive_trap
unique-billing-033,Billing,billing-unique-033,household_false_positive_trap
unique-crm-034,CRM,crm-unique-034,household_false_positive_trap
unique-billing-034,Billing,billing-unique-034,household_false_positive_trap
unique-crm-035,CRM,crm-unique-035,household_false_positive_trap
unique-billing-035,Billing,billing-unique-035,household_false_positive_trap
unique-crm-036,CRM,crm-unique-036,household_false_positive_trap
unique-billing-036,Billing,billing-unique-036,household_false_positive_trap
unique-crm-037,CRM,crm-unique-037,household_false_positive_trap
unique-billing-037,Billing,billing-unique-037,household_false_positive_trap
unique-crm-038,CRM,crm-unique-038,household_false_positive_trap
unique-billing-038,Billing,billing-unique-038,household_false_positive_trap
unique-crm-039,CRM,crm-unique-039,household_false_positive_trap
unique-billing-039,Billing,billing-unique-039,household_false_positive_trap
unique-crm-040,CRM,crm-unique-040,household_false_positive_trap
unique-billing-040,Billing,billing-unique-040,household_false_positive_trap
unique-crm-041,CRM,crm-unique-041,household_false_positive_trap
unique-billing-041,Billing,billing-unique-041,household_false_positive_trap
unique-crm-042,CRM,crm-unique-042,household_false_positive_trap
unique-billing-042,Billing,billing-unique-042,household_false_positive_trap
unique-crm-043,CRM,crm-unique-043,household_false_positive_trap
unique-billing-043,Billing,billing-unique-043,household_false_positive_trap
unique-crm-044,CRM,crm-unique-044,household_false_positive_trap
unique-billing-044,Billing,billing-unique-044,household_false_positive_trap
unique-crm-045,CRM,crm-unique-045,household_false_positive_trap
unique-billing-045,Billing,billing-unique-045,household_false_positive_trap
unique-crm-046,CRM,crm-unique-046,household_false_positive_trap
unique-billing-046,Billing,billing-unique-046,household_false_positive_trap
unique-crm-047,CRM,crm-unique-047,household_false_positive_trap
unique-billing-047,Billing,billing-unique-047,household_false_positive_trap
unique-crm-048,CRM,crm-unique-048,household_false_positive_trap
unique-billing-048,Billing,billing-unique-048,household_false_positive_trap
unique-crm-049,CRM,crm-unique-049,household_false_positive_trap
unique-billing-049,Billing,billing-unique-049,household_false_positive_trap
unique-crm-050,CRM,crm-unique-050,household_false_positive_trap
unique-billing-050,Billing,billing-unique-050,household_false_positive_trap
unique-crm-051,CRM,crm-unique-051,household_false_positive_trap
unique-billing-051,Billing,billing-unique-051,household_false_positive_trap
unique-crm-052,CRM,crm-unique-052,household_false_positive_trap
unique-billing-052,Billing,billing-unique-052,household_false_positive_trap
unique-crm-053,CRM,crm-unique-053,household_false_positive_trap
unique-billing-053,Billing,billing-unique-053,household_false_positive_trap
unique-crm-054,CRM,crm-unique-054,household_false_positive_trap
unique-billing-054,Billing,billing-unique-054,household_false_positive_trap
unique-crm-055,CRM,crm-unique-055,household_false_positive_trap
unique-billing-055,Billing,billing-unique-055,household_false_positive_trap
unique-crm-056,CRM,crm-unique-056,household_false_positive_trap
unique-billing-056,Billing,billing-unique-056,household_false_positive_trap
unique-crm-057,CRM,crm-unique-057,household_false_positive_trap
unique-billing-057,Billing,billing-unique-057,household_false_positive_trap
unique-crm-058,CRM,crm-unique-058,household_false_positive_trap
unique-billing-058,Billing,billing-unique-058,household_false_positive_trap
unique-crm-059,CRM,crm-unique-059,household_false_positive_trap
unique-billing-059,Billing,billing-unique-059,household_false_positive_trap
unique-crm-060,CRM,crm-unique-060,household_false_positive_trap
unique-billing-060,Billing,billing-unique-060,household_false_positive_trap
unique-crm-061,CRM,crm-unique-061,household_false_positive_trap
unique-billing-061,Billing,billing-unique-061,household_false_positive_trap
unique-crm-062,CRM,crm-unique-062,household_false_positive_trap
unique-billing-062,Billing,billing-unique-062,household_false_positive_trap
unique-crm-063,CRM,crm-unique-063,household_false_positive_trap
unique-billing-063,Billing,billing-unique-063,household_false_positive_trap
unique-crm-064,CRM,crm-unique-064,household_false_positive_trap
unique-billing-064,Billing,billing-unique-064,household_false_positive_trap
unique-crm-065,CRM,crm-unique-065,household_false_positive_trap
unique-billing-065,Billing,billing-unique-065,household_false_positive_trap
unique-crm-066,CRM,crm-unique-066,household_false_positive_trap
unique-billing-066,Billing,billing-unique-066,household_false_positive_trap
unique-crm-067,CRM,crm-unique-067,household_false_positive_trap
unique-billing-067,Billing,billing-unique-067,household_false_positive_trap
unique-crm-068,CRM,crm-unique-068,household_false_positive_trap
unique-billing-068,Billing,billing-unique-068,household_false_positive_trap
unique-crm-069,CRM,crm-unique-069,household_false_positive_trap
unique-billing-069,Billing,billing-unique-069,household_false_positive_trap
unique-crm-070,CRM,crm-unique-070,household_false_positive_trap
unique-billing-070,Billing,billing-unique-070,household_false_positive_trap
unique-crm-071,CRM,crm-unique-071,household_false_positive_trap
unique-billing-071,Billing,billing-unique-071,household_false_positive_trap
unique-crm-072,CRM,crm-unique-072,household_false_positive_trap
unique-billing-072,Billing,billing-unique-072,household_false_positive_trap
unique-crm-073,CRM,crm-unique-073,household_false_positive_trap
unique-billing-073,Billing,billing-unique-073,household_false_positive_trap
unique-crm-074,CRM,crm-unique-074,household_false_positive_trap
unique-billing-074,Billing,billing-unique-074,household_false_positive_trap
unique-crm-075,CRM,crm-unique-075,household_false_positive_trap
unique-billing-075,Billing,billing-unique-075,household_false_positive_trap
unique-crm-076,CRM,crm-unique-076,household_false_positive_trap
unique-billing-076,Billing,billing-unique-076,household_false_positive_trap
unique-crm-077,CRM,crm-unique-077,household_false_positive_trap
unique-billing-077,Billing,billing-unique-077,household_false_positive_trap
unique-crm-078,CRM,crm-unique-078,household_false_positive_trap
unique-billing-078,Billing,billing-unique-078,household_false_positive_trap
unique-crm-079,CRM,crm-unique-079,household_false_positive_trap
unique-billing-079,Billing,billing-unique-079,household_false_positive_trap
unique-crm-080,CRM,crm-unique-080,household_false_positive_trap
unique-billing-080,Billing,billing-unique-080,household_false_positive_trap
unique-crm-081,CRM,crm-unique-081,household_false_positive_trap
unique-billing-081,Billing,billing-unique-081,household_false_positive_trap
unique-crm-082,CRM,crm-unique-082,household_false_positive_trap
unique-billing-082,Billing,billing-unique-082,household_false_positive_trap
unique-crm-083,CRM,crm-unique-083,household_false_positive_trap
unique-billing-083,Billing,billing-unique-083,household_false_positive_trap
unique-crm-084,CRM,crm-unique-084,household_false_positive_trap
unique-billing-084,Billing,billing-unique-084,household_false_positive_trap
unique-crm-085,CRM,crm-unique-085,household_false_positive_trap
unique-billing-085,Billing,billing-unique-085,household_false_positive_trap
unique-crm-086,CRM,crm-unique-086,household_false_positive_trap
unique-billing-086,Billing,billing-unique-086,household_false_positive_trap
unique-crm-087,CRM,crm-unique-087,household_false_positive_trap
unique-billing-087,Billing,billing-unique-087,household_false_positive_trap
unique-crm-088,CRM,crm-unique-088,household_false_positive_trap
unique-billing-088,Billing,billing-unique-088,household_false_positive_trap
unique-crm-089,CRM,crm-unique-089,household_false_positive_trap
unique-billing-089,Billing,billing-unique-089,household_false_positive_trap
unique-crm-090,CRM,crm-unique-090,household_false_positive_trap
unique-billing-090,Billing,billing-unique-090,household_false_positive_trap
unique-crm-091,CRM,crm-unique-091,household_false_positive_trap
unique-billing-091,Billing,billing-unique-091,household_false_positive_trap
unique-crm-092,CRM,crm-unique-092,household_false_positive_trap
unique-billing-092,Billing,billing-unique-092,household_false_positive_trap
unique-crm-093,CRM,crm-unique-093,household_false_positive_trap
unique-billing-093,Billing,billing-unique-093,household_false_positive_trap
unique-crm-094,CRM,crm-unique-094,household_false_positive_trap
unique-billing-094,Billing,billing-unique-094,household_false_positive_trap
unique-crm-095,CRM,crm-unique-095,household_false_positive_trap
unique-billing-095,Billing,billing-unique-095,household_false_positive_trap
unique-crm-096,CRM,crm-unique-096,household_false_positive_trap
unique-billing-096,Billing,billing-unique-096,household_false_positive_trap
unique-crm-097,CRM,crm-unique-097,household_false_positive_trap
unique-billing-097,Billing,billing-unique-097,household_false_positive_trap
unique-crm-098,CRM,crm-unique-098,household_false_positive_trap
unique-billing-098,Billing,billing-unique-098,household_false_positive_trap
unique-crm-099,CRM,crm-unique-099,household_false_positive_trap
unique-billing-099,Billing,billing-unique-099,household_false_positive_trap
